category,revenue,profit,margin
Electronics,126547241.21,44943108.37,35.51488593529964
Furniture,81564149.39,28798786.65,35.30814317979121
Sports,13903523.13,4921927.15,35.4005751202717
Clothing,11505086.91,4070400.26,35.379135262873035
Food & Beverage,3204573.74,1138982.97,35.54241725765374
