region,total_revenue,total_profit,total_orders,avg_order_value,profit_margin_pct
Central,46836014.06,16505048.2,969,48334.37983488132,35.24007866864151
East,46998440.99,16831679.71,993,47329.7492346425,35.813272430847924
North,50621598.43,18008636.9,1048,48303.0519370229,35.57500643703004
South,48574574.46,16815415.69,1008,48189.06196428571,34.61773134800613
West,43693946.44,15712424.9,982,44494.85380855397,35.96018712014516
